ID,Combo#,ball_mass,firing_height,band_length,launch_distance,short_long
run1,0,61.3,18,41.8,178.6,short
run2,8,94.1,23,43,147.8,short
run3,3,22.9,23,40.6,146.5,short
run4,1,22.9,13,40.6,233.7,long
run5,2,22.9,13,43,275.4,long
run6,4,22.9,23,43,181,short
run7,7,94.1,23,40.6,134,short
run8,6,94.1,13,43,245.7,long
run9,5,94.1,13,40.6,196,short
run10,0,61.3,18,41.8,185.9,short
run11,1,22.9,13,40.6,236.1,long
run12,4,22.9,23,43,166.4,short
run13,3,22.9,23,40.6,148.8,short
run14,6,94.1,13,43,254.3,long
run15,8,94.1,23,43,142.6,short
run16,2,22.9,13,43,254,long
run17,5,94.1,13,40.6,194,short
run18,7,94.1,23,40.6,129.2,short
run19,0,61.3,18,41.8,178.1,short
run20,2,22.9,13,43,270,long
run21,3,22.9,23,40.6,157,short
run22,6,94.1,13,43,214.7,long
run23,8,94.1,23,43,150.3,short
run24,5,94.1,13,40.6,189.1,short
run25,4,22.9,23,43,165.2,short
run26,7,94.1,23,40.6,125.9,short
run27,1,22.9,13,40.6,236.1,long
run28,0,61.3,18,41.8,176.5,short
trial 1,0,61.3,14,47,290,long
trial 2,1,22.9,9,42,346,long
trial 3,2,22.9,9,52,518,long
trial 4,3,22.9,19,42,213,long
trial 5,4,22.9,19,52,320,long
trial 6,5,94.1,9,42,264,long
trial 7,6,94.1,9,52,446,long
trial 8,7,94.1,19,42,173,short
trial 9,8,94.1,19,52,269,long
trial 10,0,61.3,14,47,306,long
trial 11,1,22.9,9,42,360,long
trial 12,2,22.9,9,52,507,long
trial 13,3,22.9,19,42,209,long
trial 14,4,22.9,19,52,315,long
trial 15,5,94.1,9,42,280,long
trial 16,6,94.1,9,52,438,long
trial 17,7,94.1,19,42,170,short
trial 18,8,94.1,19,52,264,long
trial 19,0,61.3,14,47,289,long
trial 20,1,22.9,9,42,342,long
trial 21,2,22.9,9,52,532,long
trial 22,3,22.9,19,42,208,long
trial 23,4,22.9,19,52,319,long
trial 24,5,94.1,9,42,284,long
trial 25,6,94.1,9,52,440,long
trial 26,7,94.1,19,42,165,short
trial 27,8,94.1,19,52,277,long
trial 28,0,61.3,14,47,303,long
ob1,0,61.3,10.4,39.5,205.2,long
ob2,3,22.9,14.2,33,76.2,short
ob3,2,22.9,6.6,46,357.5,long
ob4,6,94.1,6.6,46,265.7,long
ob5,8,94.1,14.2,46,195.6,short
ob6,5,94.1,6.6,33,75,short
ob7,4,22.9,14.2,46,249.9,long
ob8,7,94.1,14.2,33,49.6,short
ob9,1,22.9,6.6,33,139.5,short
ob10,0,61.3,10.4,39.5,198.4,short
ob11,2,22.9,6.6,46,349.9,long
ob12,1,22.9,6.6,33,116.4,short
ob13,3,22.9,14.2,33,74.2,short
ob14,4,22.9,14.2,46,232.8,long
ob15,5,94.1,6.6,33,73.7,short
ob16,7,94.1,14.2,33,50.9,short
ob17,8,94.1,14.2,46,205.7,long
ob18,6,94.1,6.6,46,281.7,long
ob19,0,61.3,10.4,39.5,190.2,short
ob20,1,22.9,6.6,33,122.2,short
ob21,4,22.9,14.2,46,229.1,long
ob22,3,22.9,14.2,33,73.9,short
ob23,6,94.1,6.6,46,268.2,long
ob24,8,94.1,14.2,46,197,short
ob25,2,22.9,6.6,46,326.6,long
ob26,5,94.1,6.6,33,72.1,short
ob27,7,94.1,14.2,33,47,short
ob28,0,61.3,10.4,39.5,184.6,short
op1,-1,68.5,7.4,47.3,212.7,long
op2,-1,68.5,7.4,47.3,213.5,long
op3,-1,68.5,7.4,47.3,212.2,long
op4,-1,68.5,7.4,47.3,215.1,long
test1,-1,68.5,21.5,41.2,144.4,short
test2,-1,68.5,21.5,41.2,150,short
test3,-1,68.5,21.5,41.2,149,short
test4,-1,68.5,21.5,41.2,147.8,short
T1,-1,68.5,16.5,42.9,200,short
T2,-1,68.5,16.5,42.9,190,short
T3,-1,68.5,16.5,42.9,194,short
T4,-1,68.5,16.5,42.9,194.7,short
Hit1,-1,22.9,22.1,43,176,short
Hit2,-1,22.9,22.1,43,178,short
Hit3,-1,22.9,22.1,43,179.7,short
Hit4,-1,22.9,22.1,43,177.9,short